Workbook
Name PursantajTol: 'Özet'!$B$17
Name YaklasikMaliyet: 'Özet'!$B$10

Sheet Özet
A1: İHALE ANALİZ RAPORU · ANAHTAR TESLİM / GÖTÜRÜ BEDEL
A2: Beyaz hücreler analizden doldurulur, gri hücreler hesaplanır. Karar ve gerekçe raporun ilk satırıdır.
A3: İHALE BİLGİLERİ | D3: SONUÇ ÖZETİ
A4: İhale Kayıt No (İKN) | D4: Keşif toplamı | E4: ='Keşif'!H3
A5: İdare | D5: Keşif / yaklaşık maliyet | E5: =IF(OR(YaklasikMaliyet="",'Keşif'!H3=0),"",'Keşif'!H3/YaklasikMaliyet)
A6: İşin Adı | D6: Mahal sayısı | E6: =COUNTA('Mahal Listesi'!C5:C504)
A7: İhale Usulü | D7: Toplam taban alanı (m²) | E7: ='Mahal Listesi'!D3
A8: Teklif Türü | D8: Pursantaj toplamı | E8: =Pursantaj!B3
A9: İhale Tarihi ve Saati | D9: Finansman yükü olan iş grubu | E9: =COUNTIF(Pursantaj!F5:F504,"Finansman yükü*")
A10: Yaklaşık Maliyet | D10: Yüksek risk | E10: =COUNTIF(Riskler!D5:D504,"Yüksek")
A11: Geçici Teminat Oranı | D11: Eksik yeterlilik | E11: =COUNTIF(Yeterlilik!D5:D504,"Eksik")
A12: Geçici Teminat Tutarı | B12: =IF(OR(B10="",B11=""),"",B10*B11) | D12: Sistem tahmini (kişisel hesap) | E12: ='Kişisel Hesap'!G3
A13: İşin Süresi | D13: Sizin yönteminizle | E13: ='Kişisel Hesap'!H3
A14: İşin Yeri
A15: Karar
A16: Karar Gerekçesi
A17: Pursantaj Toleransı (puan) | B17: 0.02
A18: Analiz Tarihi

Sheet Mahal Listesi
A1: MAHAL LİSTESİ
A2: Her mahalde yapılacak imalatların cinsi. Miktarlar burada değil, Keşif sayfasındadır.
A3: TOPLAM | D3: =SUM(D5:D504)
A4: Kat | B4: Mahal No | C4: Mahal Adı | D4: Taban Alanı (m²) | E4: Döşeme | F4: Süpürgelik | G4: Duvar | H4: Tavan | I4: Kapı Tipi | J4: Pencere Tipi | K4: Not

Sheet Keşif
A1: KEŞİF
A2: Mahal listesinden çıkarılan keşif kalemleri. İş grubu, Pursantaj sayfasındaki iş grubu adıyla birebir aynı yazılmalıdır; pursantaj uyumu buna göre hesaplanır.
A3: TOPLAM | H3: =SUM(H5:H504)
A4: Sıra No | B4: İş Grubu | C4: Poz / Kalem No | D4: Tanım | E4: Birim | F4: Miktar | G4: Birim Fiyat | H4: Tutar | I4: Mahal | J4: Not
H5: =IF(OR(F5="",G5=""),"",F5*G5)
H6: =IF(OR(F6="",G6=""),"",F6*G6)
H7: =IF(OR(F7="",G7=""),"",F7*G7)
H8: =IF(OR(F8="",G8=""),"",F8*G8)
H9: =IF(OR(F9="",G9=""),"",F9*G9)
H10: =IF(OR(F10="",G10=""),"",F10*G10)
H11: =IF(OR(F11="",G11=""),"",F11*G11)
H12: =IF(OR(F12="",G12=""),"",F12*G12)
H13: =IF(OR(F13="",G13=""),"",F13*G13)
H14: =IF(OR(F14="",G14=""),"",F14*G14)
H15: =IF(OR(F15="",G15=""),"",F15*G15)
H16: =IF(OR(F16="",G16=""),"",F16*G16)
... H504: =IF(OR(F504="",G504=""),"",F504*G504)

Sheet Pursantaj
A1: PURSANTAJ UYUMU
A2: İdarenin pursantaj oranları ile keşifte her iş grubunun maliyet payı karşılaştırılır. Keşif payı pursantajdan yüksekse iş grubu yapıldığında ödenen tutar maliyeti karşılamaz (finansman yükü).
A3: TOPLAM | B3: =SUM(B5:B504) | C3: =SUM(C5:C504)
A4: İş Grubu | B4: Pursantaj Oranı | C4: Keşif Tutarı | D4: Keşif Payı | E4: Fark (puan) | F4: Değerlendirme
C5: =IF(A5="","",SUMIF('Keşif'!$B$5:$B$504,A5,'Keşif'!$H$5:$H$504)) | D5: =IF(OR(A5="",'Keşif'!$H$3=0),"",C5/'Keşif'!$H$3) | E5: =IF(OR(B5="",D5=""),"",D5-B5) | F5: =IF(E5="","",IF(E5>PursantajTol,"Finansman yükü: maliyet ödemeden önde",IF(E5<-PursantajTol,"Lehte: ödeme maliyetten önde","Uyumlu")))
C6: =IF(A6="","",SUMIF('Keşif'!$B$5:$B$504,A6,'Keşif'!$H$5:$H$504)) | D6: =IF(OR(A6="",'Keşif'!$H$3=0),"",C6/'Keşif'!$H$3) | E6: =IF(OR(B6="",D6=""),"",D6-B6) | F6: =IF(E6="","",IF(E6>PursantajTol,"Finansman yükü: maliyet ödemeden önde",IF(E6<-PursantajTol,"Lehte: ödeme maliyetten önde","Uyumlu")))
C7: =IF(A7="","",SUMIF('Keşif'!$B$5:$B$504,A7,'Keşif'!$H$5:$H$504)) | D7: =IF(OR(A7="",'Keşif'!$H$3=0),"",C7/'Keşif'!$H$3) | E7: =IF(OR(B7="",D7=""),"",D7-B7) | F7: =IF(E7="","",IF(E7>PursantajTol,"Finansman yükü: maliyet ödemeden önde",IF(E7<-PursantajTol,"Lehte: ödeme maliyetten önde","Uyumlu")))
C8: =IF(A8="","",SUMIF('Keşif'!$B$5:$B$504,A8,'Keşif'!$H$5:$H$504)) | D8: =IF(OR(A8="",'Keşif'!$H$3=0),"",C8/'Keşif'!$H$3) | E8: =IF(OR(B8="",D8=""),"",D8-B8) | F8: =IF(E8="","",IF(E8>PursantajTol,"Finansman yükü: maliyet ödemeden önde",IF(E8<-PursantajTol,"Lehte: ödeme maliyetten önde","Uyumlu")))
C9: =IF(A9="","",SUMIF('Keşif'!$B$5:$B$504,A9,'Keşif'!$H$5:$H$504)) | D9: =IF(OR(A9="",'Keşif'!$H$3=0),"",C9/'Keşif'!$H$3) | E9: =IF(OR(B9="",D9=""),"",D9-B9) | F9: =IF(E9="","",IF(E9>PursantajTol,"Finansman yükü: maliyet ödemeden önde",IF(E9<-PursantajTol,"Lehte: ödeme maliyetten önde","Uyumlu")))
C10: =IF(A10="","",SUMIF('Keşif'!$B$5:$B$504,A10,'Keşif'!$H$5:$H$504)) | D10: =IF(OR(A10="",'Keşif'!$H$3=0),"",C10/'Keşif'!$H$3) | E10: =IF(OR(B10="",D10=""),"",D10-B10) | F10: =IF(E10="","",IF(E10>PursantajTol,"Finansman yükü: maliyet ödemeden önde",IF(E10<-PursantajTol,"Lehte: ödeme maliyetten önde","Uyumlu")))
C11: =IF(A11="","",SUMIF('Keşif'!$B$5:$B$504,A11,'Keşif'!$H$5:$H$504)) | D11: =IF(OR(A11="",'Keşif'!$H$3=0),"",C11/'Keşif'!$H$3) | E11: =IF(OR(B11="",D11=""),"",D11-B11) | F11: =IF(E11="","",IF(E11>PursantajTol,"Finansman yükü: maliyet ödemeden önde",IF(E11<-PursantajTol,"Lehte: ödeme maliyetten önde","Uyumlu")))
C12: =IF(A12="","",SUMIF('Keşif'!$B$5:$B$504,A12,'Keşif'!$H$5:$H$504)) | D12: =IF(OR(A12="",'Keşif'!$H$3=0),"",C12/'Keşif'!$H$3) | E12: =IF(OR(B12="",D12=""),"",D12-B12) | F12: =IF(E12="","",IF(E12>PursantajTol,"Finansman yükü: maliyet ödemeden önde",IF(E12<-PursantajTol,"Lehte: ödeme maliyetten önde","Uyumlu")))
C13: =IF(A13="","",SUMIF('Keşif'!$B$5:$B$504,A13,'Keşif'!$H$5:$H$504)) | D13: =IF(OR(A13="",'Keşif'!$H$3=0),"",C13/'Keşif'!$H$3) | E13: =IF(OR(B13="",D13=""),"",D13-B13) | F13: =IF(E13="","",IF(E13>PursantajTol,"Finansman yükü: maliyet ödemeden önde",IF(E13<-PursantajTol,"Lehte: ödeme maliyetten önde","Uyumlu")))
C14: =IF(A14="","",SUMIF('Keşif'!$B$5:$B$504,A14,'Keşif'!$H$5:$H$504)) | D14: =IF(OR(A14="",'Keşif'!$H$3=0),"",C14/'Keşif'!$H$3) | E14: =IF(OR(B14="",D14=""),"",D14-B14) | F14: =IF(E14="","",IF(E14>PursantajTol,"Finansman yükü: maliyet ödemeden önde",IF(E14<-PursantajTol,"Lehte: ödeme maliyetten önde","Uyumlu")))
C15: =IF(A15="","",SUMIF('Keşif'!$B$5:$B$504,A15,'Keşif'!$H$5:$H$504)) | D15: =IF(OR(A15="",'Keşif'!$H$3=0),"",C15/'Keşif'!$H$3) | E15: =IF(OR(B15="",D15=""),"",D15-B15) | F15: =IF(E15="","",IF(E15>PursantajTol,"Finansman yükü: maliyet ödemeden önde",IF(E15<-PursantajTol,"Lehte: ödeme maliyetten önde","Uyumlu")))
C16: =IF(A16="","",SUMIF('Keşif'!$B$5:$B$504,A16,'Keşif'!$H$5:$H$504)) | D16: =IF(OR(A16="",'Keşif'!$H$3=0),"",C16/'Keşif'!$H$3) | E16: =IF(OR(B16="",D16=""),"",D16-B16) | F16: =IF(E16="","",IF(E16>PursantajTol,"Finansman yükü: maliyet ödemeden önde",IF(E16<-PursantajTol,"Lehte: ödeme maliyetten önde","Uyumlu")))
... C504: =IF(A504="","",SUMIF('Keşif'!$B$5:$B$504,A504,'Keşif'!$H$5:$H$504)) | D504: =IF(OR(A504="",'Keşif'!$H$3=0),"",C504/'Keşif'!$H$3) | E504: =IF(OR(B504="",D504=""),"",D504-B504) | F504: =IF(E504="","",IF(E504>PursantajTol,"Finansman yükü: maliyet ödemeden önde",IF(E504<-PursantajTol,"Lehte: ödeme maliyetten önde","Uyumlu")))

Sheet Yeterlilik
A1: YETERLİLİK KONTROLÜ
A2: İdari şartnamedeki katılım ve yeterlilik koşullarının firma profiliyle karşılaştırması.
A3: TOPLAM
A4: Sıra | B4: Koşul | C4: Şartname Maddesi | D4: Firma Durumu | E4: Not

Sheet Teknik
A1: TEKNİK DEĞERLENDİRME
A2: Teknik şartname gereksinimleri, karşılanamayan ve rekabeti kısıtlayan maddeler.
A3: TOPLAM
A4: Sıra | B4: Gereksinim | C4: Şartname Maddesi | D4: Durum | E4: Not

Sheet Mali
A1: MALİ DEĞERLENDİRME
A2: Teminat, ödeme, avans, fiyat farkı, ceza ve kârlılık kalemleri.
A3: TOPLAM
A4: Sıra | B4: Kalem | C4: Değer | D4: Kaynak | E4: Not

Sheet Riskler
A1: RİSK LİSTESİ
A2: Risk denetçisinin derecelendirdiği riskler ve önlemler.
A3: TOPLAM
A4: Sıra | B4: Risk | C4: Kaynak | D4: Seviye | E4: Önlem

Sheet Kişisel Hesap
A1: KİŞİSEL HESAP
A2: Kullanıcının kendi hesap kurallarıyla bulunan tutarın sistem tahminiyle karşılaştırması (kisisel_hesap.py çıktısı).
A3: TOPLAM | G3: =SUM(G5:G504) | H3: =SUM(H5:H504) | I3: =SUM(I5:I504)
A4: Sıra | B4: Poz No | C4: Tanım | D4: Birim | E4: Miktar | F4: Birim Fiyat | G4: Sistem Tutarı | H4: Kişisel Tutar | I4: Fark | J4: Uygulanan Kurallar
I5: =IF(OR(G5="",H5=""),"",H5-G5)
I6: =IF(OR(G6="",H6=""),"",H6-G6)
I7: =IF(OR(G7="",H7=""),"",H7-G7)
I8: =IF(OR(G8="",H8=""),"",H8-G8)
I9: =IF(OR(G9="",H9=""),"",H9-G9)
I10: =IF(OR(G10="",H10=""),"",H10-G10)
I11: =IF(OR(G11="",H11=""),"",H11-G11)
I12: =IF(OR(G12="",H12=""),"",H12-G12)
I13: =IF(OR(G13="",H13=""),"",H13-G13)
I14: =IF(OR(G14="",H14=""),"",H14-G14)
I15: =IF(OR(G15="",H15=""),"",H15-G15)
I16: =IF(OR(G16="",H16=""),"",H16-G16)
... I504: =IF(OR(G504="",H504=""),"",H504-G504)

Sheet Yapılacaklar
A1: TEKLİF ÖNCESİ YAPILACAKLAR
A2: Teklif verilmeden tamamlanacak işler.
A3: TOPLAM
A4: Sıra | B4: İş | C4: Son Tarih | D4: Sorumlu | E4: Durum

Sheet _harita
A1: sablon | B1: anahtar-teslim | C1: surum | D1: 1.0
A2: sayfa | B2: kaynak | C2: sütun başlığı | D2: alan
A3: Özet | B3: alanlar:01-ozet.md | C3: İhale Kayıt No (İKN) | D3: İKN|İhale kayıt no|İhale kodu
A4: Özet | B4: alanlar:01-ozet.md | C4: İdare | D4: İdare
A5: Özet | B5: alanlar:01-ozet.md | C5: İşin Adı | D5: İşin adı|İşin adı / niteliği / miktarı|İş
A6: Özet | B6: alanlar:01-ozet.md | C6: İhale Usulü | D6: İhale usulü
A7: Özet | B7: alanlar:01-ozet.md | C7: Teklif Türü | D7: Teklif türü|Teklif türü (birim fiyat / götürü bedel)
A8: Özet | B8: alanlar:01-ozet.md | C8: İhale Tarihi ve Saati | D8: İhale tarihi ve saati|İhale tarihi
A9: Özet | B9: alanlar:01-ozet.md | C9: Yaklaşık Maliyet | D9: Yaklaşık maliyet|Yaklaşık maliyet (açıklanmışsa)
A10: Özet | B10: alanlar:01-ozet.md | C10: Geçici Teminat Oranı | D10: Geçici teminat oranı
A11: Özet | B11: alanlar:01-ozet.md | C11: İşin Süresi | D11: İşin süresi|İşin süresi / yeri
A12: Özet | B12: alanlar:01-ozet.md | C12: İşin Yeri | D12: İşin yeri
... A71: Pursantaj | B71: csv:pursantaj.csv | C71: Pursantaj Oranı | D71: oran%
