Workbook
Name MetrajTol: 'Özet'!$B$17
Name YaklasikMaliyet: 'Özet'!$B$10

Sheet Özet
A1: İHALE ANALİZ RAPORU · BİRİM FİYAT (BFTC)
A2: Beyaz hücreler analizden doldurulur, gri hücreler hesaplanır. Karar ve gerekçe raporun ilk satırıdır.
A3: İHALE BİLGİLERİ | D3: SONUÇ ÖZETİ
A4: İhale Kayıt No (İKN) | D4: İdare Yaklaşık Maliyet | E4: ='BFTC Kıyas'!J3
A5: İdare | D5: Teklif tutarı (hesap miktarı) | E5: ='BFTC Kıyas'!K3
A6: İşin Adı | D6: İdare YM / açıklanan yaklaşık maliyet | E6: =IF(OR(YaklasikMaliyet="",'BFTC Kıyas'!J3=0),"",'BFTC Kıyas'!J3/YaklasikMaliyet)
A7: İhale Usulü | D7: Kalem sayısı | E7: =COUNTA('BFTC Kıyas'!B5:B504)
A8: Teklif Türü | D8: Cetvelde eksik kalem | E8: =COUNTIF('BFTC Kıyas'!L5:L504,"Cetvelde eksik")
A9: İhale Tarihi ve Saati | D9: Cetvelde fazla kalem | E9: =COUNTIF('BFTC Kıyas'!L5:L504,"Cetvelde fazla")
A10: Yaklaşık Maliyet | D10: Projede bulunamayan | E10: =COUNTIF('BFTC Kıyas'!L5:L504,"Projede bulunamadı")
A11: Geçici Teminat Oranı | D11: Cetvelde olmayan iş | E11: =COUNTIF('BFTC Kıyas'!L5:L504,"Cetvelde yok")
A12: Geçici Teminat Tutarı | B12: =IF(OR(B10="",B11=""),"",B10*B11) | D12: Yüksek risk | E12: =COUNTIF(Riskler!D5:D504,"Yüksek")
A13: İşin Süresi | D13: Eksik yeterlilik | E13: =COUNTIF(Yeterlilik!D5:D504,"Eksik")
A14: İşin Yeri | D14: Sistem tahmini (kişisel hesap) | E14: ='Kişisel Hesap'!G3
A15: Karar | D15: Sizin yönteminizle | E15: ='Kişisel Hesap'!H3
A16: Karar Gerekçesi
A17: Metraj Toleransı | B17: 0.05
A18: Analiz Tarihi

Sheet BFTC Kıyas
A1: BİRİM FİYAT TEKLİF CETVELİ · METRAJ KIYASI
A2: İdare miktarı cetvelden, hesaplanan miktar projeden gelir. Durum, Özet sayfasındaki metraj toleransına göre hesaplanır. Teklif birim fiyatı girildiğinde tutarlar oluşur.
A3: TOPLAM | J3: =SUM(J5:J504) | K3: =SUM(K5:K504)
A4: Sıra No | B4: Poz No | C4: İş Kalemi Tanımı | D4: Birim | E4: İdare Miktarı | F4: Hesaplanan Miktar | G4: Fark | H4: Fark % | I4: Teklif Birim Fiyatı | J4: Tutar (İdare Miktarı) | K4: Tutar (Hesap Miktarı) | L4: Durum | M4: Geçmiş Birim Fiyat (Ort.) | N4: Not
G5: =IF(OR(E5="",F5=""),"",F5-E5) | H5: =IF(OR(E5="",F5="",E5=0),"",(F5-E5)/E5) | J5: =IF(OR(E5="",I5=""),"",E5*I5) | K5: =IF(OR(F5="",I5=""),"",F5*I5) | L5: =IF(B5="","",IF(E5="","Cetvelde yok",IF(F5="","Projede bulunamadı",IF(H5>MetrajTol,"Cetvelde eksik",IF(H5<-MetrajTol,"Cetvelde fazla","Uygun")))))
G6: =IF(OR(E6="",F6=""),"",F6-E6) | H6: =IF(OR(E6="",F6="",E6=0),"",(F6-E6)/E6) | J6: =IF(OR(E6="",I6=""),"",E6*I6) | K6: =IF(OR(F6="",I6=""),"",F6*I6) | L6: =IF(B6="","",IF(E6="","Cetvelde yok",IF(F6="","Projede bulunamadı",IF(H6>MetrajTol,"Cetvelde eksik",IF(H6<-MetrajTol,"Cetvelde fazla","Uygun")))))
G7: =IF(OR(E7="",F7=""),"",F7-E7) | H7: =IF(OR(E7="",F7="",E7=0),"",(F7-E7)/E7) | J7: =IF(OR(E7="",I7=""),"",E7*I7) | K7: =IF(OR(F7="",I7=""),"",F7*I7) | L7: =IF(B7="","",IF(E7="","Cetvelde yok",IF(F7="","Projede bulunamadı",IF(H7>MetrajTol,"Cetvelde eksik",IF(H7<-MetrajTol,"Cetvelde fazla","Uygun")))))
G8: =IF(OR(E8="",F8=""),"",F8-E8) | H8: =IF(OR(E8="",F8="",E8=0),"",(F8-E8)/E8) | J8: =IF(OR(E8="",I8=""),"",E8*I8) | K8: =IF(OR(F8="",I8=""),"",F8*I8) | L8: =IF(B8="","",IF(E8="","Cetvelde yok",IF(F8="","Projede bulunamadı",IF(H8>MetrajTol,"Cetvelde eksik",IF(H8<-MetrajTol,"Cetvelde fazla","Uygun")))))
G9: =IF(OR(E9="",F9=""),"",F9-E9) | H9: =IF(OR(E9="",F9="",E9=0),"",(F9-E9)/E9) | J9: =IF(OR(E9="",I9=""),"",E9*I9) | K9: =IF(OR(F9="",I9=""),"",F9*I9) | L9: =IF(B9="","",IF(E9="","Cetvelde yok",IF(F9="","Projede bulunamadı",IF(H9>MetrajTol,"Cetvelde eksik",IF(H9<-MetrajTol,"Cetvelde fazla","Uygun")))))
G10: =IF(OR(E10="",F10=""),"",F10-E10) | H10: =IF(OR(E10="",F10="",E10=0),"",(F10-E10)/E10) | J10: =IF(OR(E10="",I10=""),"",E10*I10) | K10: =IF(OR(F10="",I10=""),"",F10*I10) | L10: =IF(B10="","",IF(E10="","Cetvelde yok",IF(F10="","Projede bulunamadı",IF(H10>MetrajTol,"Cetvelde eksik",IF(H10<-MetrajTol,"Cetvelde fazla","Uygun")))))
G11: =IF(OR(E11="",F11=""),"",F11-E11) | H11: =IF(OR(E11="",F11="",E11=0),"",(F11-E11)/E11) | J11: =IF(OR(E11="",I11=""),"",E11*I11) | K11: =IF(OR(F11="",I11=""),"",F11*I11) | L11: =IF(B11="","",IF(E11="","Cetvelde yok",IF(F11="","Projede bulunamadı",IF(H11>MetrajTol,"Cetvelde eksik",IF(H11<-MetrajTol,"Cetvelde fazla","Uygun")))))
G12: =IF(OR(E12="",F12=""),"",F12-E12) | H12: =IF(OR(E12="",F12="",E12=0),"",(F12-E12)/E12) | J12: =IF(OR(E12="",I12=""),"",E12*I12) | K12: =IF(OR(F12="",I12=""),"",F12*I12) | L12: =IF(B12="","",IF(E12="","Cetvelde yok",IF(F12="","Projede bulunamadı",IF(H12>MetrajTol,"Cetvelde eksik",IF(H12<-MetrajTol,"Cetvelde fazla","Uygun")))))
G13: =IF(OR(E13="",F13=""),"",F13-E13) | H13: =IF(OR(E13="",F13="",E13=0),"",(F13-E13)/E13) | J13: =IF(OR(E13="",I13=""),"",E13*I13) | K13: =IF(OR(F13="",I13=""),"",F13*I13) | L13: =IF(B13="","",IF(E13="","Cetvelde yok",IF(F13="","Projede bulunamadı",IF(H13>MetrajTol,"Cetvelde eksik",IF(H13<-MetrajTol,"Cetvelde fazla","Uygun")))))
G14: =IF(OR(E14="",F14=""),"",F14-E14) | H14: =IF(OR(E14="",F14="",E14=0),"",(F14-E14)/E14) | J14: =IF(OR(E14="",I14=""),"",E14*I14) | K14: =IF(OR(F14="",I14=""),"",F14*I14) | L14: =IF(B14="","",IF(E14="","Cetvelde yok",IF(F14="","Projede bulunamadı",IF(H14>MetrajTol,"Cetvelde eksik",IF(H14<-MetrajTol,"Cetvelde fazla","Uygun")))))
G15: =IF(OR(E15="",F15=""),"",F15-E15) | H15: =IF(OR(E15="",F15="",E15=0),"",(F15-E15)/E15) | J15: =IF(OR(E15="",I15=""),"",E15*I15) | K15: =IF(OR(F15="",I15=""),"",F15*I15) | L15: =IF(B15="","",IF(E15="","Cetvelde yok",IF(F15="","Projede bulunamadı",IF(H15>MetrajTol,"Cetvelde eksik",IF(H15<-MetrajTol,"Cetvelde fazla","Uygun")))))
G16: =IF(OR(E16="",F16=""),"",F16-E16) | H16: =IF(OR(E16="",F16="",E16=0),"",(F16-E16)/E16) | J16: =IF(OR(E16="",I16=""),"",E16*I16) | K16: =IF(OR(F16="",I16=""),"",F16*I16) | L16: =IF(B16="","",IF(E16="","Cetvelde yok",IF(F16="","Projede bulunamadı",IF(H16>MetrajTol,"Cetvelde eksik",IF(H16<-MetrajTol,"Cetvelde fazla","Uygun")))))
... G504: =IF(OR(E504="",F504=""),"",F504-E504) | H504: =IF(OR(E504="",F504="",E504=0),"",(F504-E504)/E504) | J504: =IF(OR(E504="",I504=""),"",E504*I504) | K504: =IF(OR(F504="",I504=""),"",F504*I504) | L504: =IF(B504="","",IF(E504="","Cetvelde yok",IF(F504="","Projede bulunamadı",IF(H504>MetrajTol,"Cetvelde eksik",IF(H504<-MetrajTol,"Cetvelde fazla","Uygun")))))

Sheet Yeterlilik
A1: YETERLİLİK KONTROLÜ
A2: İdari şartnamedeki katılım ve yeterlilik koşullarının firma profiliyle karşılaştırması.
A3: TOPLAM
A4: Sıra | B4: Koşul | C4: Şartname Maddesi | D4: Firma Durumu | E4: Not

Sheet Teknik
A1: TEKNİK DEĞERLENDİRME
A2: Teknik şartname gereksinimleri, karşılanamayan ve rekabeti kısıtlayan maddeler.
A3: TOPLAM
A4: Sıra | B4: Gereksinim | C4: Şartname Maddesi | D4: Durum | E4: Not

Sheet Mali
A1: MALİ DEĞERLENDİRME
A2: Teminat, ödeme, avans, fiyat farkı, ceza ve kârlılık kalemleri.
A3: TOPLAM
A4: Sıra | B4: Kalem | C4: Değer | D4: Kaynak | E4: Not

Sheet Riskler
A1: RİSK LİSTESİ
A2: Risk denetçisinin derecelendirdiği riskler ve önlemler.
A3: TOPLAM
A4: Sıra | B4: Risk | C4: Kaynak | D4: Seviye | E4: Önlem

Sheet Kişisel Hesap
A1: KİŞİSEL HESAP
A2: Kullanıcının kendi hesap kurallarıyla bulunan tutarın sistem tahminiyle karşılaştırması (kisisel_hesap.py çıktısı).
A3: TOPLAM | G3: =SUM(G5:G504) | H3: =SUM(H5:H504) | I3: =SUM(I5:I504)
A4: Sıra | B4: Poz No | C4: Tanım | D4: Birim | E4: Miktar | F4: Birim Fiyat | G4: Sistem Tutarı | H4: Kişisel Tutar | I4: Fark | J4: Uygulanan Kurallar
I5: =IF(OR(G5="",H5=""),"",H5-G5)
I6: =IF(OR(G6="",H6=""),"",H6-G6)
I7: =IF(OR(G7="",H7=""),"",H7-G7)
I8: =IF(OR(G8="",H8=""),"",H8-G8)
I9: =IF(OR(G9="",H9=""),"",H9-G9)
I10: =IF(OR(G10="",H10=""),"",H10-G10)
I11: =IF(OR(G11="",H11=""),"",H11-G11)
I12: =IF(OR(G12="",H12=""),"",H12-G12)
I13: =IF(OR(G13="",H13=""),"",H13-G13)
I14: =IF(OR(G14="",H14=""),"",H14-G14)
I15: =IF(OR(G15="",H15=""),"",H15-G15)
I16: =IF(OR(G16="",H16=""),"",H16-G16)
... I504: =IF(OR(G504="",H504=""),"",H504-G504)

Sheet Yapılacaklar
A1: TEKLİF ÖNCESİ YAPILACAKLAR
A2: Teklif verilmeden tamamlanacak işler.
A3: TOPLAM
A4: Sıra | B4: İş | C4: Son Tarih | D4: Sorumlu | E4: Durum

Sheet _harita
A1: sablon | B1: birim-fiyat | C1: surum | D1: 1.0
A2: sayfa | B2: kaynak | C2: sütun başlığı | D2: alan
A3: Özet | B3: alanlar:01-ozet.md | C3: İhale Kayıt No (İKN) | D3: İKN|İhale kayıt no|İhale kodu
A4: Özet | B4: alanlar:01-ozet.md | C4: İdare | D4: İdare
A5: Özet | B5: alanlar:01-ozet.md | C5: İşin Adı | D5: İşin adı|İşin adı / niteliği / miktarı|İş
A6: Özet | B6: alanlar:01-ozet.md | C6: İhale Usulü | D6: İhale usulü
A7: Özet | B7: alanlar:01-ozet.md | C7: Teklif Türü | D7: Teklif türü|Teklif türü (birim fiyat / götürü bedel)
A8: Özet | B8: alanlar:01-ozet.md | C8: İhale Tarihi ve Saati | D8: İhale tarihi ve saati|İhale tarihi
A9: Özet | B9: alanlar:01-ozet.md | C9: Yaklaşık Maliyet | D9: Yaklaşık maliyet|Yaklaşık maliyet (açıklanmışsa)
A10: Özet | B10: alanlar:01-ozet.md | C10: Geçici Teminat Oranı | D10: Geçici teminat oranı
A11: Özet | B11: alanlar:01-ozet.md | C11: İşin Süresi | D11: İşin süresi|İşin süresi / yeri
A12: Özet | B12: alanlar:01-ozet.md | C12: İşin Yeri | D12: İşin yeri
... A58: BFTC Kıyas | B58: csv:metraj-kiyas.csv | C58: Not | D58: not
